Category,Subcategory,Title
Books,Science - Planet Earth for Kids,A Fish with Three Hearts: Cuttlefish
Books,Science - Planet Earth for Kids,Do Bananas Grow on Trees?
Books,Science - Planet Earth for Kids,An Organism that is visible from Space
Books,Science - Planet Earth for Kids,The Mysterious Case of the Neem Tree
Books,Science - Planet Earth for Kids,The Magical Rainforest
Books,Science - Planet Earth for Kids,The End of Living – The Beginning of Survival
Books,Science - Planet Earth for Kids,The Secrets of the Ocean Floor
Books,Science - Planet Earth for Kids,Can a Fish be an Amphibian?
Books,Science - Planet Earth for Kids,My Life – The Tale of a Butterfly
Books,Science - Planet Earth for Kids,The Deadly King Cobra
Books,Science - Planet Earth for Kids,Treaty on Global Warming
Books,Science - Planet Earth for Kids,The Truth about Zoos
Books,Science - Planet Earth for Kids,Tale of the Woolly Mammoth
Books,Science - Planet Earth for Kids,Tree Rings tell many Tales
Books,Science - Planet Earth for Kids,Venice is Sinking
Books,Science - Planet Earth for Kids,Different Colours of Honey
Books,Science - Planet Earth for Kids,The Plastic Menace
Books,Science - Planet Earth for Kids,Roach Sense
Books,Science - Planet Earth for Kids,What is Vetiver Grass?
Books,Science - Planet Earth for Kids,Can Fish Lay Eggs in the Mouth?
Books,Science - Planet Earth for Kids,Mosquito Menace
Books,Science - Planet Earth for Kids,Everything is made of something
Books,Science - Planet Earth for Kids,All Human History is Just 10 Seconds Old!
Books,Science - Planet Earth for Kids,Deception and Mimicry Among Animals to Fool Enemies!
Books,Science - Planet Earth for Kids,Birds Which Eat Their Feathers
Books,Science - Planet Earth for Kids,A New Camel Specie Discovered
Books,Science - Planet Earth for Kids,Great White Sharks Heading for Extinction
Books,Science - Planet Earth for Kids,Antlers: A Deer Story
Books,Science - Planet Earth for Kids,"Save rivers, lakes from worshippers"
Books,Science - Planet Earth for Kids,The Whale Hunt is On
Books,Science - Planet Earth for Kids,The Earthworm's Good Turn
Books,Science - Planet Earth for Kids,Excerpts From 'The world of trees'
Books,Science - Planet Earth for Kids,Jellyfish: Fragile Creature of the Sea
Books,Science - Planet Earth for Kids,Storm Petrel: A Bird that Walks on Water
Books,Science - Planet Earth for Kids,Dropping Trees from the Sky – Hydroseeding
Books,Science - Planet Earth for Kids,Insect which Swims on Its Back
Books,Science - Planet Earth for Kids,The Cool Firefly
Books,Science - Planet Earth for Kids,Killing a Tree Softly
Books,Science - Planet Earth for Kids,Some Animal Fathers are Great Dads too!
Books,Science - Planet Earth for Kids,Beautiful Flowers that Stink!
Books,Science - Planet Earth for Kids,Mother and Child in the Animal Kingdom
Books,Science - Planet Earth for Kids,Long Memory of Female Elephants is Responsible for the Well Being of their Families
Books,Science - Planet Earth for Kids,The Straightened Leaning Tower of Pisa
Books,Science - Planet Earth for Kids,Anacondas
Books,Science - Planet Earth for Kids,Music-loving Plants and Music-giving Plants
Books,Science - Planet Earth for Kids,The Spectacled Bear
Books,Science - Planet Earth for Kids,Does a Sloth Live its Entire Life Upside Down?
Books,Science - Planet Earth for Kids,What is Ribotyping?
Books,Science - Planet Earth for Kids,A Lizard that Squirts Blood from its Eyes
Books,Science - Planet Earth for Kids,Spiders and their Magical Web
Books,Science - Planet Earth for Kids,The Truth About Bats
Books,Science - Planet Earth for Kids,Dealing With the Potential Danger of a Meteor Hitting Earth
Books,Science - Planet Earth for Kids,A Beautiful Ship in the Sky
Books,Science - Planet Earth for Kids,It's a Zoo Out There!
Books,Science - Planet Earth for Kids,The Deadliest Animal in the World
Books,Science - Planet Earth for Kids,Man's Best Friend
Books,Science - Planet Earth for Kids,Marine Militants: Bioinvasion propagated through Cargo Ships
Books,Science - Planet Earth for Kids,Sea Turtles
Books,Science - Planet Earth for Kids,The Tiny World of Ants
Books,Science - Planet Earth for Kids,Chimp Traits
Books,Science - Planet Earth for Kids,Looking at the World Upside Down
Books,Science - Planet Earth for Kids,Amazing Facts About Water
Books,Science - Planet Earth for Kids,The Hot and Sizzling Volcano
Books,Science - Planet Earth for Kids,The Vultures are Dying
Books,Science - Planet Earth for Kids,Why do Dogs and Cats Eat Grass?
Books,Science - Planet Earth for Kids,Scales for Safety
Books,Science - Planet Earth for Kids,Whose River?
Books,Science - Planet Earth for Kids,Tail Language
Books,Science - Planet Earth for Kids,Smelling Food with the Tongue
Books,Science - Planet Earth for Kids,The Dark Kingdom of Uranus
Books,Science - Planet Earth for Kids,It's a Beetle's World
Books,Science - Planet Earth for Kids,Pollution – an old ancestral legacy
Books,Science - Planet Earth for Kids,High-tech Turtle
Books,Science - Planet Earth for Kids,Footprints on Earth
Books,Science - Planet Earth for Kids,Can You Speak Dolphin Language?
Books,Science - Planet Earth for Kids,An Earth Day Fable
Books,Science - Planet Earth for Kids,An Octopus as Jar-opener
Books,Science - Planet Earth for Kids,Rhinoceros: On the Comeback Trail
Books,Science - Planet Earth for Kids,The Earth takes a Battering
Books,Science - Planet Earth for Kids,Excerpts from 'Everything has a History'
Books,Science - Planet Earth for Kids,Watery Facts
Books,Science - Planet Earth for Kids,Who’s Who at the Zoo
Books,Science - Planet Earth for Kids,Birds Sing in their Sleep
Books,Science - Planet Earth for Kids,The Earth Is Getting dimmer
Books,Science - Planet Earth for Kids,The Gardener Bird
Books,Science - Planet Earth for Kids,So Many Monkeys!
Books,Science - Planet Earth for Kids,How Green is Your School?
Books,Science - Planet Earth for Kids,Is New York Burning?
Books,Science - Planet Earth for Kids,Dangerous Red Tide in HongKong
Books,Science - Planet Earth for Kids,Pelican Trouble
Books,Science - Planet Earth for Kids,Seasons in a Tree’s Rooted Life
Books,Science - Planet Earth for Kids,The Tree is an Invisible Heater
Books,Science - Planet Earth for Kids,Paris is Bugged by Termites!
Books,Science - Planet Earth for Kids,Mr Fly Rubs his Hands with Glee
Books,Science - Planet Earth for Kids,Rocky Planet of Fire and Ice
Books,Science - Planet Earth for Kids,High-tech Crane Migration
Books,Science - Planet Earth for Kids,In a Minute
Books,Science - Planet Earth for Kids,Squirrelling it Away
Books,Science - Planet Earth for Kids,Excerpts From 'The Wonderful World of Insects'
Books,Science - Planet Earth for Kids,The Song of the Bird
Books,Science - Planet Earth for Kids,Fox
Books,Science - Planet Earth for Kids,Mutual Aid Societies
Books,Science - Planet Earth for Kids,The Baby Current Which Destroys
Books,Science - Science News for Kids,The Smart Polluters
Books,Science - Science News for Kids,Evergreen Clothes
Books,Science - Science News for Kids,"And Now, Schoolbags Online"
Books,Science - Science News for Kids,Shirt That is a Mobile Phone
Books,Science - Science News for Kids,Logging on to Aliens
Books,Science - Science News for Kids,"Ginger, the New Wonder Medicine"
Books,Science - Science News for Kids,Space Tourism: Ready for a Skyrocketing Holiday
Books,Science - Science News for Kids,Your Mobile Phone Has a Bug
Books,Science - Science News for Kids,Peppermint to Chase Mosquitoes Away
Books,Science - Science News for Kids,The Cool and Cunning Lark
Books,Science - Science News for Kids,Road of Jute
Books,Science - Science News for Kids,When a Cat Preys for Lunch
Books,Science - Science News for Kids,A Smelly New World on the Web
Books,Science - Science News for Kids,Distress Signals the Leafy Way
Books,Science - Science News for Kids,This One is For your Eyes Only
Books,Science - Science News for Kids,A Train of Villages on the Net
Books,Science - Living World for Kids,Is Tomato a Vegetable or a Fruit?
Books,Science - Living World for Kids,Can Plants be Parasites?
Books,Science - Living World for Kids,Does the Black Widow Spider Kill her Mate?
Books,Science - Living World for Kids,Can Frog Fly?
Books,Science - Science Quizzes,Animal Talk
Books,Science - Science Quizzes,A Quiz about Human Body
Books,Science - Science Quizzes,The Living Body
Books,Science - Science Quizzes,Animal Quiz - 1
Books,Science - Science Quizzes,Call them Together
Books,Non-Fiction - Biographies for Kids,Maria Curie: The only scientist to win a Nobel prize twice
Books,Non-Fiction - Biographies for Kids,Amelia Earhart
Books,Non-Fiction - Biographies for Kids,"Ada Lovelace, The Mother of Computing"
Books,Non-Fiction - Biographies for Kids,Elvis Presley: The King of Rock and Roll
Books,Non-Fiction - Biographies for Kids,Michael Farday: The Self-Educated Inventor
Books,Non-Fiction - Biographies for Kids,J.K. Rowling: Casts a reading spell on children in the era of digital media
Books,Non-Fiction - Biographies for Kids,Marie Stopes: A Guiding Light For The Women of England
Books,Non-Fiction - Biographies for Kids,Rosa Parks: The First Lady of Civil Rights
Books,Non-Fiction - Biographies for Kids,Jacques-Yves Cousteau
Books,Non-Fiction - Biographies for Kids,Mother Teresa
Books,Non-Fiction - Biographies for Kids,Bhagat Singh
Books,Non-Fiction - Biographies for Kids,Karl Marx
Books,Non-Fiction - Biographies for Kids,Srinivasa Aiyangar Ramanujan
Books,Non-Fiction - Biographies for Kids,Mohandas Karamchand (Mahatma) Gandhi
Books,Non-Fiction - Biographies for Kids,Rabindranath Tagore
Books,Non-Fiction - Biographies for Kids,"Martin Luther King, Jr."
Books,Non-Fiction - Biographies for Kids,Albert Einstein
Books,Non-Fiction - Biographies for Kids,Dr Sarvepalli Radhakrishnan
Books,Non-Fiction - Biographies for Kids,Charlie Chaplin
Books,Non-Fiction - Biographies for Kids,Bruce Lee
Books,Non-Fiction - Biographies for Kids,Pele
Books,Non-Fiction - Biographies for Kids,Nikola Tesla – Unsung Prophet of Electrical Age
Books,Non-Fiction - Biographies for Kids,Indira Gandhi
Books,Non-Fiction - Biographies for Kids,Aung San Suu Kyi
Books,Non-Fiction - Biographies for Kids,Muhammad Ali
Books,Non-Fiction - Biographies for Kids,Marilyn Monroe
Books,Non-Fiction - Biographies for Kids,R.K. Narayan
Books,Non-Fiction - Biographies for Kids,Dalai Lama
Books,Non-Fiction - Biographies for Kids,Vaikom Mohammed Basheer
Books,Non-Fiction - Biographies for Kids,Nelson Mandela
Books,Non-Fiction - Biographies for Kids,Eleanor Roosevelt
Books,Non-Fiction - Biographies for Kids,Ho Chi Minh
Books,Non-Fiction - Biographies for Kids,Pop John Paul II
Books,Non-Fiction - Biographies for Kids,Nadia Comaneci
Books,Non-Fiction - Biographies for Kids,Fidel Castro Ruz
Books,Non-Fiction - Biographies for Kids,Lech Walesa
Books,Non-Fiction - Biographies for Kids,Satyajit Ray
Books,Non-Fiction - Biographies for Kids,Magic Johnson
Books,Non-Fiction - Biographies for Kids,Mao Zedong
Books,Non-Fiction - Biographies for Kids,Vladimir Ilich Lenin
Books,Non-Fiction - Biographies for Kids,Ronald Reagan
Books,Non-Fiction - Biographies for Kids,John Fitzgerald Kennedy
Books,Non-Fiction - Biographies for Kids,Mikhail Gorbachev
Books,Non-Fiction - Biographies for Kids,Bill Clinton
Books,Non-Fiction - Biographies for Kids,Ayatollah Ruhollah Khomeini
Books,Non-Fiction - Biographies for Kids,From Russia with Love : Rudolf Nureyev
Books,Non-Fiction - Biographies for Kids,Franklin Delano Roosevelt
Books,Non-Fiction - Biographies for Kids,Sir Winston Leonard Spencer Churchill
Books,Non-Fiction - Biographies for Kids,The Unknown Soldier
Books,Non-Fiction - Biographies for Kids,Margaret Hilda Thatcher
Books,Non-Fiction - Biographies for Kids,Ali Sardar Jafri
Books,Non-Fiction - Biographies for Kids,Margaret Sanger
Books,Non-Fiction - Biographies for Kids,Here's Lucy
Books,Non-Fiction - Features for Kids,Ratha Yatra
Books,Non-Fiction - Features for Kids,Where Did Chess Originate?
Books,Non-Fiction - Features for Kids,The Adventurer
Books,Non-Fiction - Features for Kids,Basket-making in India
Books,Non-Fiction - Features for Kids,The curious history of the world’s most popular board game
Books,Non-Fiction - Features for Kids,Holi – The Colours of Spring
Books,Non-Fiction - Features for Kids,Magic of Kondapalli Toys
Books,Non-Fiction - Features for Kids,Programmed to learn
Books,Non-Fiction - Features for Kids,The Birth of Christ
Books,Non-Fiction - Features for Kids,How the Gorkhas Came to Dehradun
Books,Non-Fiction - Features for Kids,Schoolboy’s Diary – 4000 years ago
Books,Non-Fiction - Features for Kids,Dress like an Egyptian
Books,Non-Fiction - Features for Kids,Aristotle can’t remain Ignorant!
Books,Non-Fiction - Features for Kids,The Greek Barber
Books,Non-Fiction - Features for Kids,Welcome to Blind Cow Restaurant
Books,Non-Fiction - Features for Kids,The Day Mother raised the Flag
Books,Non-Fiction - Features for Kids,Boomerang: From Weapon to Fun
Books,Non-Fiction - Features for Kids,Crafts kits for kids
Books,Non-Fiction - Features for Kids,Abdul Kareem's Forest
Books,Non-Fiction - Features for Kids,Saraswati River in the Thar Desert
Books,Non-Fiction - Features for Kids,The Boy Who Could Do Nothing Right!
Books,Non-Fiction - Features for Kids,Letter from a Daughter to a Mother
Books,Non-Fiction - Features for Kids,Buddha Purnima
Books,Non-Fiction - Features for Kids,Banaras The Eternal City
Books,Non-Fiction - Features for Kids,The Telegraph
Books,Non-Fiction - Features for Kids,When Grandma challenged British Rule
Books,Non-Fiction - Features for Kids,Dad and the Dog
Books,Non-Fiction - Features for Kids,From Heaven To Hell
Books,Non-Fiction - Features for Kids,Madhubani Magic of Gangadevi
Books,Non-Fiction - Features for Kids,"Don't Stop the Music, I Want to Dance"
Books,Non-Fiction - Features for Kids,Alpana
Books,Non-Fiction - Features for Kids,"Rabi, the Budding Poet"
Books,Non-Fiction - Features for Kids,Instrument with a Human Tone
Books,Non-Fiction - Features for Kids,The Emperor and Hawai Elephant
Books,Non-Fiction - Features for Kids,The Kite-Maker
Books,Non-Fiction - Features for Kids,Viswanathan Anand – The Lightning Kid
Books,Non-Fiction - Features for Kids,Monsoon in Mumbai
Books,Non-Fiction - Features for Kids,The Best Storyteller in the World
Books,Non-Fiction - Features for Kids,The Story of Indian Bronzes
Books,Non-Fiction - Features for Kids,A Harvest of Festivals
Books,Non-Fiction - Features for Kids,Roman Holiday
Books,Non-Fiction - Features for Kids,The King Who Tested Babies
Books,Non-Fiction - Features for Kids,Puppets on a String
Books,Non-Fiction - Features for Kids,Puppets on a String Dance Again
Books,Non-Fiction - Features for Kids,Script your own Cartoon or Movie
Books,Non-Fiction - Features for Kids,The dabbawalas of Mumbai
Books,Non-Fiction - Features for Kids,Peru's Barefoot Librarians
Books,Non-Fiction - Features for Kids,When two Voices become One Voice of Peace
Books,Non-Fiction - Features for Kids,The Taziyas of Old Delhi
Books,Non-Fiction - Features for Kids,Seeing the City
Books,Non-Fiction - Features for Kids,Ride the Camel
Books,Non-Fiction - Features for Kids,Shri Guru Nanak Dev
Books,Non-Fiction - Features for Kids,The Boy who Lacked Sight but Had a Vision
Books,Non-Fiction - Features for Kids,The Joy of Flying
Books,Non-Fiction - Features for Kids,The Silken Web
Books,Non-Fiction - Features for Kids,The First Woman to Fly High in the Air Force
Books,Non-Fiction - Features for Kids,Why Father's Day
Books,Non-Fiction - Features for Kids,A Train Journey beyond Childhood
Books,Non-Fiction - Features for Kids,Welcome Rains?
Books,Non-Fiction - Features for Kids,The Shoe-shine Women
Books,Non-Fiction - Features for Kids,The Day Christ Died
Books,Non-Fiction - Features for Kids,The Stockholm Effect
Books,Non-Fiction - Features for Kids,Why do we Celebrate April Fool's Day?
Books,Non-Fiction - Features for Kids,The School Teacher and the Dacoit
Books,Non-Fiction - Features for Kids,Weave of Survival
Books,Non-Fiction - Features for Kids,Chintu Pintu Talk on the Net
Books,Non-Fiction - Features for Kids,Looking for sister in Hiroshima
Books,Non-Fiction - Features for Kids,The First Notes of Mozart
Books,Non-Fiction - Features for Kids,The 'Jawabi Keertan'
Books,Non-Fiction - Features for Kids,Signals of the Past
Books,Non-Fiction - Features for Kids,A Sojourn in Venice
Books,Non-Fiction - Features for Kids,Francoise's Dolls
Books,Non-Fiction - Features for Kids,The Earth Drum
Books,Non-Fiction - Features for Kids,The Story-tellers
Books,Non-Fiction - Features for Kids,Children and Water
Books,Non-Fiction - Features for Kids,The Day the Bomb Fell
Books,Non-Fiction - Features for Kids,The Woman who Collects Children
Books,Non-Fiction - Features for Kids,The Language of a Cat
Books,Non-Fiction - Features for Kids,Dancing to Glory
Books,Non-Fiction - Features for Kids,The 24-hour Film!
Books,Non-Fiction - Features for Kids,Hopscotch
Books,Non-Fiction - Features for Kids,The Gift of Wonder
Books,Non-Fiction - Features for Kids,Prabhu and the Prawns
Books,Non-Fiction - Features for Kids,The Girl who Won the Boys Chess Title
Books,Non-Fiction - Features for Kids,A School for Dreamers
Books,Non-Fiction - Features for Kids,The Emperor who Won a Toy in a Fight
Books,Non-Fiction - Features for Kids,Bungee
Books,Non-Fiction - Features for Kids,Rats! Rats! Rats!
Books,Non-Fiction - Features for Kids,Many Ramayanas
Books,Non-Fiction - Features for Kids,Bidriware
Books,Non-Fiction - Features for Kids,Going to School
Books,Non-Fiction - Features for Kids,The Master of 'Mithaai'
Books,Non-Fiction - Features for Kids,His Master's Voice
Books,Non-Fiction - Features for Kids,Chintu Pintu Talk on the Net Again
Books,Non-Fiction - Features for Kids,Life inside a Public Transport Vehicle
Books,Non-Fiction - Features for Kids,Pablo the Pigeon Painter
Books,Non-Fiction - Features for Kids,Romance of Postage Stamps
Books,Non-Fiction - Features for Kids,Super Moms
Books,Non-Fiction - Features for Kids,Chip off the Old Block
Books,Non-Fiction - Features for Kids,The Emperor and Chitranjan Cheetah
Books,Non-Fiction - Features for Kids,The Making of a Prodigy
Books,Non-Fiction - Features for Kids,The Emperor who Rolled his Eyes
Books,Non-Fiction - Features for Kids,Dress Relief
Books,Non-Fiction - Features for Kids,We Would All Scream Without Ice Cream
Books,Non-Fiction - Features for Kids,Care for your Dog
Books,Non-Fiction - Features for Kids,"The Good, the Bad and the Ugly"
Books,Non-Fiction - Features for Kids,The Office Where Records Are Made
Books,Non-Fiction - Features for Kids,A Salty Life
Books,Non-Fiction - Features for Kids,The Cure is Laughter
Books,Non-Fiction - Features for Kids,The Only Time when the Emperor Smoked
Books,Non-Fiction - Features for Kids,Making Music
Books,Non-Fiction - Features for Kids,Sundari
Books,Non-Fiction - Features for Kids,From Cave Drawings to Floor Drawings
Books,Non-Fiction - Features for Kids,Godly Guardian for the Road
Books,Non-Fiction - Features for Kids,"Joining Hands for peace, at Hiroshima"
Books,Non-Fiction - Features for Kids,I Carried the Olympic Torch
Books,Non-Fiction - Features for Kids,Champion of a 2300-year-old game
Books,Non-Fiction - Features for Kids,Mormu: Daughter of the Forest
Books,Non-Fiction - Features for Kids,Smart Ones and Fools
Books,Non-Fiction - Features for Kids,Mind the Manners!
Books,Non-Fiction - Features for Kids,Celebrity Camera
Books,Non-Fiction - Features for Kids,The Flower Girls of the Mountains
Books,Non-Fiction - Features for Kids,Artist of the Free Spirit
Books,Non-Fiction - Features for Kids,The World's Hottest Chili
Books,Non-Fiction - Features for Kids,The Woman who was Not Afraid of Guns
Books,Non-Fiction - Features for Kids,The Girl who Squeezed a Peacock
Books,Non-Fiction - Features for Kids,The Lesson
Books,Non-Fiction - Features for Kids,Festive Layers
Books,Non-Fiction - Features for Kids,Children's Pledge to On-line Safety
Books,Non-Fiction - Features for Kids,The Emperor who Hated Schooling
Books,Non-Fiction - Features for Kids,He Can't See But He Shows The Way
Books,Non-Fiction - Features for Kids,Young Peacemakers of Colombia
Books,Non-Fiction - Features for Kids,Hullo! My Name is Nershwn
Books,Non-Fiction - Features for Kids,The Black Hole of Social Weights and Measures
Books,Non-Fiction - Features for Kids,The First Dream of a Soccer Star
Books,Non-Fiction - Features for Kids,The Luckiest Men?
Books,Non-Fiction - Features for Kids,The Filmmaker
Books,Non-Fiction - Features for Kids,A Monster in Tokyo…
Books,Non-Fiction - Features for Kids,Little Gyatsu Goes To School
Books,Non-Fiction - Features for Kids,The Emperor and the Zebra
Books,Non-Fiction - Features for Kids,Say Cheese!
Books,Non-Fiction - Features for Kids,Help Save Our Home
Books,Non-Fiction - Features for Kids,10 Tips for Parents of Children with Internet access
Books,Non-Fiction - Features for Kids,Dia's Story
Books,Non-Fiction - Features for Kids,They Make you Swallow a Fish for a Herbal Cure
Books,Non-Fiction - Features for Kids,When a Whacky King Turned Serious
Books,Non-Fiction - Festivals for Kids,Mahavir Jayanti
Books,Non-Fiction - Festivals for Kids,Raksha Bandhan
Books,Non-Fiction - Festivals for Kids,Deepavali: Festival of Lights
Books,Non-Fiction - Festivals for Kids,Rediscovering a Smoke-less Diwali
Books,Non-Fiction - Festivals for Kids,The Making of the Goddess
Books,Non-Fiction - Festivals for Kids,"Fun'tastic Ramlila, Dandiya, Jatra"
Books,Non-Fiction - Festivals for Kids,Eid in Yusufpur
Books,Non-Fiction - Festivals for Kids,Where Holi is the Talk of the Town
Books,Non-Fiction - Festivals for Kids,"Holi – The Colour of Fun is Red, Blue, Green"
Books,Non-Fiction - Festivals for Kids,Janamashtmi – The Day Krishna was Born
Books,Non-Fiction - Festivals for Kids,Easter's Here
Books,Non-Fiction - Festivals for Kids,Here Comes Pujo!
Books,Non-Fiction - Festivals for Kids,Ramadan: The Month of 30 Fasts
Books,Non-Fiction - Festivals for Kids,Was Christmas Celebrated Thousands of Years before Christ's Birth?
Books,Non-Fiction - Festivals for Kids,Holi is For Children
Books,Non-Fiction - Festivals for Kids,The Commerce of Christmas
Books,Non-Fiction - Festivals for Kids,Why Mother's Day?
Books,Non-Fiction - Festivals for Kids,The Business of Festivals
Books,Non-Fiction - Festivals for Kids,Foods of the Festival
Books,Non-Fiction - World News for Kids,Pickpocket
Books,Non-Fiction - World News for Kids,The Woman who Jailed Bihar's Dons
Books,Non-Fiction - World News for Kids,The Writer
Books,Non-Fiction - World News for Kids,Boy who Became a Golfer by Accident
Books,Non-Fiction - World News for Kids,Holi in Fiji
Books,Non-Fiction - World News for Kids,The Hospitality of a True Blue Nawab
Books,Non-Fiction - World News for Kids,Teenage Girl Lone Survivor from Yemeni Air Crash
Books,Non-Fiction - World News for Kids,The Concorde
Books,Non-Fiction - World News for Kids,World's First Space Tourist
Books,Non-Fiction - World News for Kids,The Woman who Builds Sand Castles
Books,Non-Fiction - World News for Kids,The South Indian Sikh
Books,Non-Fiction - World News for Kids,Assam's Boys Shine in Asian Cricket
Books,Non-Fiction - World News for Kids,Man Who Could Make The Taj Disappear
Books,Non-Fiction - World News for Kids,Language Split
Books,Non-Fiction - World News for Kids,Parts of Pakistan Under Taliban Control
Books,Non-Fiction - World News for Kids,Trees of Delhi – Under the Axe!
Books,Non-Fiction - World News for Kids,World's Largest Blanket
Books,Non-Fiction - World News for Kids,The Beggar who is a Money Lender
Books,Non-Fiction - World News for Kids,World Leaders Propose Solutions to Global Hunger
Books,Non-Fiction - World News for Kids,The Quake that rocked Gujarat
Books,Non-Fiction - World News for Kids,The Kiwi is Australian!
Books,Non-Fiction - World News for Kids,English and Indlish
Books,Non-Fiction - World News for Kids,Animal Sense
Books,Non-Fiction - World News for Kids,Asia's First Floating Museum
Books,Non-Fiction - World News for Kids,The Bt Brinjal Battle
Books,Non-Fiction - World News for Kids,"A safety net for cheetahs, vultures, dolphins"
Books,Non-Fiction - World News for Kids,Vanishing Vulture
Books,Non-Fiction - World News for Kids,Girl Power in Gaul!
Books,Non-Fiction - World News for Kids,The Little Magician
Books,Non-Fiction - World News for Kids,This Time Teachers are the Students
Books,Non-Fiction - World News for Kids,Marriage in Prison
Books,Non-Fiction - World News for Kids,Polluted India
Books,Non-Fiction - World News for Kids,Talkie Star from the Silent Era
Books,Non-Fiction - World News for Kids,Rat Menace
Books,Non-Fiction - World News for Kids,Square Watermelons
Books,Non-Fiction - World News for Kids,War Memorial for Child Soldiers
Books,Non-Fiction - World News for Kids,Humble Rickshaw Gets a Face-lift
Books,Non-Fiction - World News for Kids,Winter Guests
Books,Non-Fiction - World News for Kids,Slices of Italy
Books,Non-Fiction - World News for Kids,Former Child Worker Visits Clinton
Books,Non-Fiction - World News for Kids,Young girl's earth-shaking courage
Books,Non-Fiction - World News for Kids,Earthquake Rocks New Zealand
Books,Non-Fiction - World News for Kids,Buried under a Garbage Mountain
Books,Non-Fiction - World News for Kids,The Peacocks are Dying
Books,Non-Fiction - World News for Kids,Rani Hindustani!
Books,Non-Fiction - World News for Kids,A Memorial to Children
Books,Non-Fiction - World News for Kids,World's Cheapest Car Launched in India
Books,Non-Fiction - World News for Kids,An invasion of toxic toads
Books,Non-Fiction - World News for Kids,A Film on Anne Frank
Books,Non-Fiction - World News for Kids,Microbes begin Deforestation
Books,Non-Fiction - World News for Kids,The Truth about Eels
Books,Non-Fiction - World News for Kids,Hundreds Killed in Ethnic Violence in Nigeria
Books,Non-Fiction - World News for Kids,"Michael Jackson, King of Pop, Dies at 50"
Books,Non-Fiction - World News for Kids,"Punch and Spar: Way to go, Mary!"
Books,Non-Fiction - World News for Kids,Olympic Games are Fair Game for TV Satire
Books,Non-Fiction - World News for Kids,Friendly Neighbourhood Bank: For Kids Only
Books,Non-Fiction - World News for Kids,Killer Storm Rages Through Western Europe
Books,Non-Fiction - World News for Kids,Chained Inmates of an Asylum burnt to Death
Books,Non-Fiction - World News for Kids,Photocopies of babies
Books,Non-Fiction - World News for Kids,Polite Police
Books,Non-Fiction - World News for Kids,Bead Calculator
Books,Non-Fiction - World News for Kids,The Day it Rained Fish
Books,Non-Fiction - World News for Kids,Gandhi's School is Dying
Books,Non-Fiction - World News for Kids,Latecomers Out
Books,Non-Fiction - World News for Kids,A Battle Well Fought
Books,Non-Fiction - World News for Kids,Human Robots
Books,Non-Fiction - World News for Kids,IMAX the High-Tech Theatre
Books,Non-Fiction - World News for Kids,Going Bananas
Books,Non-Fiction - World News for Kids,Hockey Heroines
Books,Non-Fiction - World News for Kids,"Honey, what about it?"
Books,Non-Fiction - World News for Kids,Man who was a mountain
Books,Non-Fiction - World News for Kids,Barack Obama Sworn In As 44th American President
Books,Non-Fiction - World News for Kids,Little Heroes
Books,Non-Fiction - World News for Kids,Flightless Mosquitoes the Solution to Dengue Fever?
Books,Non-Fiction - World News for Kids,Every dog has his bark
Books,Non-Fiction - World News for Kids,Pushkar Lake Water or Sugarcane Juice?
Books,Non-Fiction - World News for Kids,Answering Nature's Call in Peace
Books,Non-Fiction - World News for Kids,The Boy Who writes with His Feet
Books,Non-Fiction - World News for Kids,Rahman Bags Double Grammy Honour for India
Books,Non-Fiction - World News for Kids,Alive! American Plane Makes Miracle Crash-landing on Hudson River
Books,Non-Fiction - World News for Kids,Women's hockey steals the show!
Books,Non-Fiction - World News for Kids,Badminton champs in the spotlight
Books,Non-Fiction - World News for Kids,Guns everywhere
Books,Non-Fiction - World News for Kids,Q is for Queue and not Queen any more
Books,Non-Fiction - World News for Kids,Winner Juice
Books,Non-Fiction - World News for Kids,Do Computer Games Make You Violent?
Books,Non-Fiction - World News for Kids,To Russia with Love?
Books,Non-Fiction - World News for Kids,Camel's Milk and Pet Registration
Books,Non-Fiction - World News for Kids,India launches the Agni-III missile
Books,Non-Fiction - World News for Kids,Acting Colour Blind?
Books,Non-Fiction - World News for Kids,Green Protection for the Taj Mahal
Books,Non-Fiction - World News for Kids,Where are the Children?
Books,Non-Fiction - World News for Kids,History was Made Here
Books,Non-Fiction - World News for Kids,Tiger Target
Books,Non-Fiction - World News for Kids,The Green Magician
Books,Non-Fiction - World News for Kids,How Spy Cameras expose Scandals
Books,Non-Fiction - World News for Kids,A school for budding politicians
Books,Non-Fiction - World News for Kids,More fuel to the CNG fire
Books,Non-Fiction - World News for Kids,"A Problem, Naturally!"
Books,Non-Fiction - World News for Kids,The Fossil Tree
Books,Non-Fiction - World News for Kids,Cruising in the Sky
Books,Non-Fiction - World News for Kids,They Make you Swallow a Fish for a Herbal Cure
Books,Non-Fiction - World News for Kids,Cartoon Time
Books,Non-Fiction - World News for Kids,Pushed to the Edge
Books,Non-Fiction - World News for Kids,The World's First Floating Airstrip
Books,Non-Fiction - World News for Kids,Indian chess queens make their move
Books,Non-Fiction - World News for Kids,Kidnapped for the Camel Race
Books,Non-Fiction - World News for Kids,Simputer: The Low-cost Computer
Books,Non-Fiction - World News for Kids,The Slum Hero
Books,Non-Fiction - World News for Kids,International Conservation Meet on Animal Trade
Books,Non-Fiction - World News for Kids,Indian Shooters Combat Racism
Books,Non-Fiction - World News for Kids,The Law versus the Dhoti
Books,Non-Fiction - World News for Kids,Crazy About Harry
Books,Non-Fiction - World News for Kids,Indians: Masters of Junk
Books,Non-Fiction - World News for Kids,5000 Years Old Quake-proof Town
Books,Non-Fiction - World News for Kids,Girl Power
Books,Non-Fiction - World News for Kids,"She Pulls Airplanes, with her Teeth"
Books,Non-Fiction - World News for Kids,All About Dinosaurs
Books,Non-Fiction - World News for Kids,Saina Nehwal Wins Indonesian Open Badminton Women's Title
Books,Non-Fiction - World News for Kids,No Begging for Merit
Books,Non-Fiction - World News for Kids,Tintin Storm in 'Millionnaire' Show
Books,Non-Fiction - World News for Kids,Bullet Train for India
Books,Non-Fiction - World News for Kids,UFO in Kolkata?
Books,Non-Fiction - World News for Kids,A Children's park in the Train
Books,Non-Fiction - World News for Kids,Prized Skeleton in Museum Closet
Books,Non-Fiction - World News for Kids,Jean Clad Superman
Books,Non-Fiction - World News for Kids,Lucknow Students Win Robotics Trophy in Canada
Books,Non-Fiction - World News for Kids,Fiji Struck by Cyclone
Books,Non-Fiction - World News for Kids,Angry Little Girls
Books,Non-Fiction - World News for Kids,Advertisement for Dogs
Books,Non-Fiction - World News for Kids,Indian Children on US Mars Project
Books,Non-Fiction - World News for Kids,Who's Stealing the Doctors' Clothes?
Books,Non-Fiction - World News for Kids,The Colour of China is Red — Henna Red
Books,Non-Fiction - World News for Kids,Poor Rainfall In India Affects Crops
Books,Non-Fiction - World News for Kids,The Borders of the Internet
Books,Non-Fiction - World News for Kids,Shakespeare in Prison
Books,Non-Fiction - World News for Kids,A World for Children
Books,Non-Fiction - World News for Kids,Tattoos that Talk
Books,Non-Fiction - World News for Kids,The Magic Carpet
Books,Non-Fiction - World News for Kids,The Tiger Cubs who Lost their Parents
Books,Non-Fiction - World News for Kids,Screen Saver that saves
Books,Non-Fiction - World News for Kids,Eleven-year-old Eco-ambassador
Books,Non-Fiction - World News for Kids,Ancient Library in the Desert
Books,Non-Fiction - World News for Kids,Chetak's Descendents
Books,Non-Fiction - World News for Kids,Three Nations or One?
Books,Non-Fiction - World News for Kids,Pretty bird no more
Books,Non-Fiction - World News for Kids,Do You Know What You are Eating?
Books,Non-Fiction - World News for Kids,Films for Kids — By Kids
Books,Non-Fiction - World News for Kids,"Street Cricket in Calcutta: Out, Caught!"
Books,Non-Fiction - World News for Kids,Children e-Lead the Way
Books,Non-Fiction - World News for Kids,Web of Financial Scandal
Books,Non-Fiction - World News for Kids,Earth Heroes
Books,Non-Fiction - World News for Kids,Violence Rocks China's Xinjian Province
Books,Non-Fiction - World News for Kids,Gandhi's Belongings Auctioned for Millions
Books,Non-Fiction - World News for Kids,Indian women squash all opposition!
Books,Non-Fiction - World News for Kids,Jumbos have some oily fun
Books,Non-Fiction - World News for Kids,Counting the world in different ways
Books,Non-Fiction - World News for Kids,The 'English Pinch' in Bangladesh
Books,Non-Fiction - World News for Kids,Swan falls in love with a pedal boat
Books,Non-Fiction - World News for Kids,On the tracks of a hero
Books,Non-Fiction - World News for Kids,My Country is a Land of Plains!
Books,Non-Fiction - World News for Kids,Where Children Run Their Own Lives
Books,Non-Fiction - World News for Kids,Taming the Boors
Books,Non-Fiction - World News for Kids,Where is Sirisha?
Books,Non-Fiction - World News for Kids,Eight year old rules the publishing world
Books,Non-Fiction - World News for Kids,"Flying Granny, Courageous Climber"
Books,Non-Fiction - World News for Kids,The Mail Carrier
Books,Non-Fiction - World News for Kids,Creating Light from Garbage
Books,Non-Fiction - World News for Kids,Talking Through their Hats for Peace
Books,Non-Fiction - World News for Kids,Frank Conrad's Garage
Books,Non-Fiction - World News for Kids,Bush Takes the Cake
Books,Non-Fiction - World News for Kids,What Lies Beneath?
Books,Non-Fiction - World News for Kids,Origamist Whizkid Sivaram
Books,Non-Fiction - World News for Kids,Green Fields in a Concrete Jungle
Books,Non-Fiction - World News for Kids,The Circle of Life
Books,Non-Fiction - World News for Kids,The China Doll
Books,Non-Fiction - World News for Kids,Olympic Swim Against the Tide
Books,Non-Fiction - World News for Kids,Teachers' Day
Books,Non-Fiction - World News for Kids,Iraq Celebrates As US Troops Withdraw
Books,Non-Fiction - World News for Kids,The Bright Ones
Books,Non-Fiction - World News for Kids,Duped Again
Books,Non-Fiction - World News for Kids,Testing Times for Indian Sports
Books,Non-Fiction - World News for Kids,The Eyes of a Child Soldier
Books,Non-Fiction - World News for Kids,Mystery Surrounds Air France Plane Crash
Books,Non-Fiction - World News for Kids,Alcoholics Beware!
Books,Non-Fiction - World News for Kids,The School that Built Many Lives
Books,Non-Fiction - World News for Kids,Bird Flu Virus Returns to Asia
Books,Non-Fiction - World News for Kids,Beef in McDonald's Fries
Books,Non-Fiction - World News for Kids,"No Singlish, we're Singaporeans"
Books,Non-Fiction - World News for Kids,Brushed under the Carpet
Books,Non-Fiction - World News for Kids,Tourists Stranded in Machu Picchu
Books,Non-Fiction - World News for Kids,Volcano Erupts in Alaska
Books,Non-Fiction - World News for Kids,Chess Bonanza
Books,Non-Fiction - World News for Kids,Birds!!!
Books,Non-Fiction - World News for Kids,Eastward Ho!
Books,Non-Fiction - World News for Kids,Patel 20th most popular surname in England
Books,Non-Fiction - World News for Kids,The Misfortunes of Kera..la
Books,Non-Fiction - World News for Kids,Little Ali's Heart
Books,Non-Fiction - World News for Kids,Shopping for Buyers
Books,Non-Fiction - World News for Kids,No marks for mother tongue
Books,Non-Fiction - World News for Kids,Starving in the Midst of Plenty
Books,Non-Fiction - World News for Kids,These Boots are meant for Flying!
Books,Non-Fiction - World News for Kids,The Flood
Books,Non-Fiction - World News for Kids,IPL Cricket Out of India in Second Season
Books,Non-Fiction - World News for Kids,World Hunger Figure Reaches One Billion
Books,Non-Fiction - World News for Kids,The Faithful Dog
Books,Non-Fiction - World News for Kids,This Park Bench has an Address
Books,Non-Fiction - World News for Kids,An Olympics with a Difference
Books,Non-Fiction - World News for Kids,Terror Targets India: Bomb Blast Kills 16
Books,Non-Fiction - World News for Kids,Volcano Erupts in Chile
Books,Non-Fiction - World News for Kids,Water-Ice on the Moon?
Books,Non-Fiction - World News for Kids,The Empire Strikes Back
Books,Non-Fiction - World News for Kids,The Actor
Books,Non-Fiction - World News for Kids,Fungus Threatens Chinese Warriors
Books,Non-Fiction - World News for Kids,World Environment Day on June 5: Become an Earth Warrior
Books,Non-Fiction - World News for Kids,India Gets Its Own 'Air Force One' Plane
Books,Non-Fiction - World News for Kids,Gunning for Clouds
Books,Non-Fiction - World News for Kids,Gaseous twist to the Delphic legend
Books,Non-Fiction - World News for Kids,Smart Future
Books,Non-Fiction - World News for Kids,Conquering without Seeing
Books,Non-Fiction - World News for Kids,Honduras President Deposed
Books,Non-Fiction - World News for Kids,Earthquake in Italy Kills 150
Books,Non-Fiction - World News for Kids,Still Standing Tall
Books,Non-Fiction - World News for Kids,UFO Landing
Books,Non-Fiction - World News for Kids,Take Me Back
Books,Non-Fiction - World News for Kids,A Green Olympic Village
Books,Non-Fiction - World News for Kids,Four Nation Hockey Tournament in Chandigarh
Books,Non-Fiction - World News for Kids,Precious Boats
Books,Non-Fiction - World News for Kids,The Girl who Failed the Citizenship Test
Books,Non-Fiction - World News for Kids,Teachers who Ticked Correct Answers Wrong
Books,Non-Fiction - World News for Kids,Sea Levels Rising At Alarming Rates
Books,Non-Fiction - World News for Kids,Anchor rips through phone and internet cable
Books,Non-Fiction - World News for Kids,Places That Care
Books,Non-Fiction - World News for Kids,Still Going Strong!
Books,Non-Fiction - World News for Kids,Child's Play!!
Books,Non-Fiction - World News for Kids,Injured right arms
Books,Non-Fiction - World News for Kids,Too Much Information
Books,Non-Fiction - World News for Kids,Children's Theatre of the World
Books,Non-Fiction - World News for Kids,Swimming in Trouble
Books,Non-Fiction - World News for Kids,International Concern Over North Korea's Rocket Launch
Books,Non-Fiction - World News for Kids,The Privileged Moles
Books,Non-Fiction - World News for Kids,Illiterate Americans
Books,Non-Fiction - World News for Kids,Made to Order
Books,Non-Fiction - World News for Kids,Federer is Number One Again
Books,Non-Fiction - World News for Kids,Japanese Government Announces Green Stimulus Package
Books,Non-Fiction - World News for Kids,International Appeal to stop Iceland's Whaling for Jobs Program
Books,Non-Fiction - World News for Kids,The Olympic Gold Rush
Books,Non-Fiction - World News for Kids,Destination Mir
Books,Non-Fiction - World News for Kids,Protest Without Clothes
Books,Non-Fiction - World News for Kids,A Soldier's Death is a Soldier's Death
Books,Non-Fiction - World News for Kids,Thousands Protest 'Unfair' Election Result in Iran
Books,Non-Fiction - World News for Kids,Supreme Court gets Tough After Ragging Death and Torture
Books,Non-Fiction - World News for Kids,A New Ancient Civilisation
Books,Non-Fiction - World News for Kids,The Big Meltdown
Books,Non-Fiction - World News for Kids,A Girl Soldier Speaks Out
Books,Non-Fiction - World News for Kids,Singapore's 'Boy Wizard'
Books,Non-Fiction - World News for Kids,Plans to shut Guantanamo Bay prison
Books,Non-Fiction - World News for Kids,Wet behind the ears: Mumbai floods again
Books,Non-Fiction - World News for Kids,'Your dam is our death'
Books,Non-Fiction - World News for Kids,"Swear, it's true!"
Books,Non-Fiction - World News for Kids,Death Threat
Books,Non-Fiction - World News for Kids,Historic Station Soon to be History
Books,Non-Fiction - World News for Kids,No Dalmatians Please
Books,Non-Fiction - World News for Kids,"Messing Up, Alphabetically"
Books,Non-Fiction - World News for Kids,Finding a Match for an Elephant
Books,Non-Fiction - World News for Kids,Pope Benedict XVI Completes Weeklong Tour of Holy Land
Books,Non-Fiction - World News for Kids,A Glider at the Railway Station
Books,Non-Fiction - World News for Kids,Underwater Terminator
Books,Non-Fiction - World News for Kids,Bermudas on Beaches — and in Parliament
Books,Non-Fiction - World News for Kids,Schools of Failed Teachers and Students
Books,Non-Fiction - World News for Kids,"India Votes for Stability, Not Change"
Books,Non-Fiction - World News for Kids,"Medical Research : Location, Mt. Everest"
Books,Non-Fiction - World News for Kids,Hanoi's Good Samaritan
Books,Non-Fiction - World News for Kids,Operation Clean Up
Books,Non-Fiction - World News for Kids,Injured Deer Lands on Dinner Plate
Books,Non-Fiction - World News for Kids,"Vast Coral Reef in South-East Asia May Disappear by End of Century, Warns WWF Report"
Books,Non-Fiction - World News for Kids,Cyclone Aila Rages Through Eastern India and Bangladesh
Books,Non-Fiction - World News for Kids,Global Concern Over Possibility of Nuclear Bomb in Iran
Books,Non-Fiction - World News for Kids,The Don's dream team
Books,Non-Fiction - World News for Kids,The Young Tax Commandos
Books,Non-Fiction - World News for Kids,Creating News to Cover News
Books,Non-Fiction - World News for Kids,Computer Whiz Grans
Books,Non-Fiction - World News for Kids,"Children's Museum says no to Dolls, Yes to e-games"
Books,Non-Fiction - World News for Kids,Slumdog Millionaire's Big Haul at the Golden Globe Awards
Books,Non-Fiction - World News for Kids,New Year in South Pole
Books,Non-Fiction - World News for Kids,Finns Favour Freezing Swim
Books,Non-Fiction - World News for Kids,Haiti Hit By Massive Earthquake
Books,Non-Fiction - World News for Kids,Dalai Lama Calls for End of Oppression in Tibet
Books,Non-Fiction - World News for Kids,Indians All the Way As 'Slumdog Millionaire' Sweeps Oscars
Books,Non-Fiction - World News for Kids,Fossil of Giant Snake Found in South America
Books,Non-Fiction - World News for Kids,The Case of the Stonemasons
Books,Non-Fiction - World News for Kids,Building a Giant Lie
Books,Non-Fiction - World News for Kids,Riding into a Promising Future
Books,Non-Fiction - World News for Kids,Dead Poet's society
Books,Non-Fiction - World News for Kids,North Korea Conducts Nuclear Test
Books,Non-Fiction - World News for Kids,Hunting for Planets in Earth's Galaxy
Books,Non-Fiction - World News for Kids,General Elections Announced in India
Books,Non-Fiction - World News for Kids,Terror Blasts in Assam on New Year's Day
Books,Non-Fiction - World News for Kids,Rats Race through US Cities
Books,Non-Fiction - World News for Kids,Worming into the Olympics
Books,Non-Fiction - World News for Kids,The Long and Short of It
Books,Non-Fiction - World News for Kids,Chattering Kids and Teacher's Tape
Books,Non-Fiction - World News for Kids,Hi-tech Schools
Books,Non-Fiction - World News for Kids,The Lake and the Birds
Books,Non-Fiction - World News for Kids,Athlete's Death Casts Gloom Over Games
Books,Non-Fiction - World News for Kids,More Disturbing Attacks on Indians in Australia
Books,Non-Fiction - World News for Kids,Spate of Attacks on Indian Students in Australia
Books,Non-Fiction - World News for Kids,Antarctic Ice Bridge Collapses
Books,Non-Fiction - World News for Kids,End to Recession in Sight?
Books,Non-Fiction - World News for Kids,Pet Chimpanzee Shot After Violent Attack
Books,Non-Fiction - World News for Kids,India's Software Giant Satyam Computer Services in Country's Biggest Corporate Scandal
Books,Non-Fiction - World News for Kids,World Economic Forum Davos 2009 Begins On Gloomy Note
Books,Non-Fiction - World News for Kids,"It's Hi Harry, Bye Hardy Boys"
Books,Non-Fiction - World News for Kids,For the Olympic Heights of Stamina
Books,Non-Fiction - World News for Kids,Fiji's President Revokes Constitution
Books,Non-Fiction - World News for Kids,World Health Organisation Declares Swine Flu Pandemic
Books,Non-Fiction - World News for Kids,Potatoes get you in the pink of health
Books,Non-Fiction - World News for Kids,When Everyone Counts
Books,Non-Fiction - World News for Kids,In Shakespearean Settings!
Books,Non-Fiction - World News for Kids,Truant Teachers
Books,Non-Fiction - World News for Kids,Killing them Surely
Books,Non-Fiction - World News for Kids,Pakistani Taliban Public Flogging Video Creates Shock Wave
Books,Non-Fiction - World News for Kids,New Government Takes Over in Israel
Books,Non-Fiction - World News for Kids,Plane Crash in New York Kills Fifty
Books,Non-Fiction - World News for Kids,The Famous Five
Books,Non-Fiction - World News for Kids,The Sweet Taste of Success
Books,Non-Fiction - World News for Kids,Atlantis on 'Space Surgery' Mission for Hubble Telescope
Books,Non-Fiction - World News for Kids,Quizzically Yours
Books,Non-Fiction - World News for Kids,Rags-to-Riches: The Café Route
Books,Non-Fiction - World News for Kids,"Coaching, Anyone?"
Books,Non-Fiction - World News for Kids,The Common Man's Film-maker
Books,Non-Fiction - World News for Kids,Boys' cancer unites warring people
Books,Non-Fiction - World News for Kids,Mending Fences
Books,Non-Fiction - World News for Kids,French President Calls For Ban on Burqas For Muslim Women
Books,Non-Fiction - World News for Kids,Villagers go Online
Books,Non-Fiction - World News for Kids,Report cards
Books,Non-Fiction - World News for Kids,"US Navy Rescue Mission Recaptures Ship, Frees Captain From Somali Pirates"
Books,Non-Fiction - World News for Kids,Swine flu flies to all corners of the earth
Books,Non-Fiction - World News for Kids,Madagascar's President Marc Ravalomanana Steps Down
Books,Non-Fiction - World News for Kids,Somdev Devvarman Shines at Davis Cup Matches
Books,Non-Fiction - World News for Kids,Couch pet-atoes
Books,Non-Fiction - World News for Kids,All for One
Books,Non-Fiction - World News for Kids,They See!
Books,Non-Fiction - World News for Kids,The Empowered Woman of Nyala
Books,Non-Fiction - World News for Kids,Army Comes to the Aid of Birds
Books,Non-Fiction - World News for Kids,Conquering Britain!
Books,Non-Fiction - World News for Kids,The Chief Minister and the Butterfly
Books,Non-Fiction - World News for Kids,Pakistan's Armed Forces Take on Taliban : Civilians Flee War Zone
Books,Non-Fiction - World News for Kids,Terror Attack on Touring Sri Lankan Test Cricketers in Pakistan
Books,Non-Fiction - World News for Kids,Hundreds Die In Australian Bush Blaze
Books,Non-Fiction - World News for Kids,Death Sentence for Makers of Killer Baby Milk in China
Books,Non-Fiction - World News for Kids,Reaching the Top of the World
Books,Non-Fiction - World News for Kids,Flooded by disaster
Books,Non-Fiction - World News for Kids,Simayal's Women
Books,Non-Fiction - World News for Kids,"Every Ball You Bowl, Every Shot You Play"
Books,Non-Fiction - World News for Kids,A Penalty Kick into Disaster
Books,Non-Fiction - World News for Kids,The Fearless Doctor
Books,Non-Fiction - World News for Kids,A Tale of Two Wonders
Books,Non-Fiction - World News for Kids,Madhav Kumar Nepal Takes Office as Prime Minister of Nepal
Books,Non-Fiction - World News for Kids,A 'Big Bang' in Earth's Orbital Space
Books,Non-Fiction - World News for Kids,Cholera Epidemic Spreads Countrywide in Zimbabwe
Books,Non-Fiction - World News for Kids,Climate Change: Some Chilling Facts
Books,Non-Fiction - World News for Kids,The Brightest of Them All
Books,Non-Fiction - World News for Kids,"High Performance, Low Pollution"
Books,Non-Fiction - World News for Kids,Woman who Terrifies Burma's Military
Books,Non-Fiction - World News for Kids,How to Write the Right Way
Books,Non-Fiction - World News for Kids,The Teenage Teacher of Pune
Books,Non-Fiction - World News for Kids,The Minister who Couldn't Add
Books,Non-Fiction - World News for Kids,Fire in Water
Books,Non-Fiction - World News for Kids,Robbing the Rich for Rain
Books,Non-Fiction - World News for Kids,Mutiny in Dhaka: 70 People Killed by Rebels
Books,Non-Fiction - World News for Kids,Riots Rage in Greece After Cop Shoots Boy
Books,Non-Fiction - World News for Kids,Toilet Matters
Books,Non-Fiction - World News for Kids,Militants Attack Police Academy in Pakistan
Books,Non-Fiction - World News for Kids,They Don't Listen To Us
Books,Non-Fiction - World News for Kids,First Pope To Set Foot in Mosque
Books,Non-Fiction - World News for Kids,A Syllabus for Harmony
Books,Non-Fiction - World News for Kids,Aruna Roy – Voice of the People
Books,Non-Fiction - World News for Kids,Lenses for Dogs
Books,Non-Fiction - World News for Kids,Kids Learn to Fight from Politicians
Books,Non-Fiction - World News for Kids,This Bird Paradise Stinks!
Books,Non-Fiction - World News for Kids,Where Guns rule
Books,Non-Fiction - World News for Kids,All the Presidential Men
Books,Non-Fiction - World News for Kids,Sri Lanka's Humanitarian Crisis : Thousands Trapped in War Zone
Books,Non-Fiction - World News for Kids,The Final Descent
Books,Non-Fiction - World News for Kids,The Night of the Women
Books,Non-Fiction - World News for Kids,Prisoners Ride on Fried Snack Success
Books,Non-Fiction - World News for Kids,Saved! Two Nuclear Submarines Collide; No Injuries or Leaks
Books,Non-Fiction - World News for Kids,"American Woman Athlete, Aged 56, Swims Across Atlantic"
Books,Non-Fiction - World News for Kids,Making Light of Darkness
Books,Non-Fiction - World News for Kids,Bid your Name into a Bestseller
Books,Non-Fiction - World News for Kids,Rahaman and Resul Win BAFTAS; Zakir Gets His Second Grammy
Books,Non-Fiction - World News for Kids,'Rim of Fire' in Indonesian Skies: 2009's First Solar Eclipse
Books,Non-Fiction - World News for Kids,'Ibuki' : Japan's 'Green' Monitor Orbits the Earth
Books,Non-Fiction - World News for Kids,From Prisoners to Teachers
Books,Non-Fiction - World News for Kids,Federer Wins French Open Crown
Books,Non-Fiction - World News for Kids,Virender Sehwag Hits Fastest ODI Century by an Indian Cricketer
Books,Non-Fiction - World News for Kids,Gaza Under Fire: Israel Refuses to Relent
Books,Non-Fiction - World News for Kids,A Debt Repaid
Books,Non-Fiction - World News for Kids,Roy of Light
Books,Non-Fiction - World News for Kids,Orissa Police's Feathered Force is Dying
Books,Non-Fiction - World News for Kids,Indian Army Battles Infiltrating Terror Groups in Kashmir
Books,Non-Fiction - World News for Kids,UN Conference on Climate Change
Books,Non-Fiction - World News for Kids,Trapped
Books,Non-Fiction - World News for Kids,Heads of Government to Seek Solutions to World Economic Crisis at G20 Summit
Books,Non-Fiction - World News for Kids,A Show of Endurance
Books,Non-Fiction - World News for Kids,Silence that Spoke of Protest
Books,Non-Fiction - World News for Kids,Operation Rescue of Penguins
Books,Non-Fiction - World News for Kids,Old PCs Save Precious Lives
Books,Non-Fiction - World News for Kids,Tintin Turns Eighty
Books,Non-Fiction - World News for Kids,General Motors Out of Bankruptcy
Books,Non-Fiction - World News for Kids,Disastrous end to Lunar New Year Firework Display
Books,Non-Fiction - World News for Kids,Somdev Devvarman : India's New Tennis Star
Books,Non-Fiction - World News for Kids,The Grand Head Hunt
Books,Non-Fiction - World News for Kids,Camp of Coexistence
Books,Non-Fiction - World News for Kids,Women's Army of Blood Donors
Books,Non-Fiction - World News for Kids,India's Winning Streak at the Australian Open
Books,Non-Fiction - World News for Kids,From Kitchen Cabinet to State Cabinet?
Books,Non-Fiction - World News for Kids,Sudan President's Arrest Ordered By International Criminal Court
Books,Non-Fiction - World News for Kids,Homing in on Prisons
Books,Non-Fiction - World News for Kids,"24 Hours on Mt. Everest? Oh, Brother!"
Books,Non-Fiction - World News for Kids,Ex-Guerrillas Win El Salvador Election
Books,Non-Fiction - World News for Kids,Indian elections 2009: a symbol of people power
Books,Non-Fiction - World News for Kids,Orphanage for Elephants
Books,Non-Fiction - World News for Kids,"Indonesian Ferry Sinks, Over 230 People Drowned"
Books,Non-Fiction - Fiction for Kids,A Friend in Need
Books,Non-Fiction - Fiction for Kids,Appearances are Deceptive
Books,Non-Fiction - Fiction for Kids,The Potter
Books,Non-Fiction - Fiction for Kids,What's for Dinner!
Books,Non-Fiction - Fiction for Kids,Abdullah's Gold
Books,Non-Fiction - Fiction for Kids,Bhoja's Eagle
Books,Non-Fiction - Fiction for Kids,A Witch's Gift
Books,Non-Fiction - Fiction for Kids,My Robot Robbi
Books,Non-Fiction - Fiction for Kids,An Unforgetful Trip
Books,Non-Fiction - Fiction for Kids,A Tale of Two Sons
Books,Non-Fiction - Fiction for Kids,The Puppy that wanted to Play
Books,Non-Fiction - Fiction for Kids,If I Could Fly
Books,Non-Fiction - Fiction for Kids,Forgive and Forget?
Books,Non-Fiction - Fiction for Kids,Toys For a Big Boy
Books,Non-Fiction - Fiction for Kids,Limits of the Mind
Books,Non-Fiction - Fiction for Kids,The Wooden God
Books,Non-Fiction - Fiction for Kids,The Boy with a Catapult
Books,Non-Fiction - Fiction for Kids,"Whatever Happens, Happens for the Best..."
Books,Non-Fiction - Fiction for Kids,The Good Turn
Books,Non-Fiction - Fiction for Kids,The Butterfly in a Bottle
Books,Non-Fiction - Fiction for Kids,How the Moon was Created
Books,Non-Fiction - Fiction for Kids,Tansen – The Magical Musician
Books,Non-Fiction - Fiction for Kids,Guddu's Lucky Day
Books,Non-Fiction - Fiction for Kids,If You Were
Books,Non-Fiction - Fiction for Kids,Qui Jun and the Arrogant Monk
Books,Non-Fiction - Fiction for Kids,Shaikh Chilli
Books,Non-Fiction - Fiction for Kids,The Special Prize
Books,Non-Fiction - Fiction for Kids,The Great Escape
Books,Non-Fiction - Fiction for Kids,King of the Birds
Books,Non-Fiction - Fiction for Kids,The Desert Creature
Books,Non-Fiction - Fiction for Kids,My Garden
Books,Non-Fiction - Fiction for Kids,Kindness to Animals
Books,Non-Fiction - Fiction for Kids,The Three Butterflies
Books,Non-Fiction - Fiction for Kids,The Wedding Chain
Books,Non-Fiction - Fiction for Kids,The lazy monk — a tale from the Panchatantra
Books,Non-Fiction - Fiction for Kids,Tenali Rama and the Brinjal
Books,Non-Fiction - Fiction for Kids,It All Began with Drip Drip
Books,Non-Fiction - Fiction for Kids,The Magic Painting
Books,Non-Fiction - Fiction for Kids,Granny’s Fabulous Kitchen
Books,Non-Fiction - Fiction for Kids,The Harpist and the Princess
Books,Non-Fiction - Fiction for Kids,A Train Adventure of Wild Animals
Books,Non-Fiction - Fiction for Kids,Tail-cut Fox!
Books,Non-Fiction - Fiction for Kids,How Monkeys Got their Red Bottoms
Books,Non-Fiction - Fiction for Kids,A Baby Lion Learns To Roar
Books,Non-Fiction - Fiction for Kids,Waiting for the Rain
Books,Non-Fiction - Fiction for Kids,The Three Pals
Books,Non-Fiction - Fiction for Kids,The Man who Saved the Moon
Books,Non-Fiction - Fiction for Kids,My Dream (A Vision Of Peace)
Books,Non-Fiction - Fiction for Kids,The Tiger and the Dried Persimmons
Books,Non-Fiction - Fiction for Kids,The Elephants who Showed Off
Books,Non-Fiction - Fiction for Kids,Monu Makes his Mark
Books,Non-Fiction - Fiction for Kids,Babolito
Books,Non-Fiction - Fiction for Kids,The Elephant's Nose
Books,Non-Fiction - Fiction for Kids,Juan Tamad and the Flea-Killer
Books,Non-Fiction - Fiction for Kids,The Eagle’s Tale
Books,Non-Fiction - Fiction for Kids,How The Coconut Came To Myanmar
Books,Non-Fiction - Fiction for Kids,The Sparrow's Nest
Books,Non-Fiction - Fiction for Kids,Milk! Milk! Milk!
Books,Non-Fiction - Fiction for Kids,Adal-Badal: The Exchange
Books,Non-Fiction - Fiction for Kids,Cypress Street
Books,Non-Fiction - Fiction for Kids,Parrots in My Garden
Books,Non-Fiction - Fiction for Kids,Silence is Golden
Books,Non-Fiction - Fiction for Kids,Excerpts from Snake Trouble
Books,Non-Fiction - Fiction for Kids,The Foolish Thief
Books,Non-Fiction - Fiction for Kids,Young Poets
Books,Non-Fiction - Fiction for Kids,Have You Seen the Cuckoo Bird?
Books,Non-Fiction - Fiction for Kids,The Day Everything Went Wrong
Books,Non-Fiction - Fiction for Kids,The Popular Student
Books,Non-Fiction - Fiction for Kids,Roses
Books,Non-Fiction - Fiction for Kids,Where is Manbhavan?
Books,Non-Fiction - Fiction for Kids,A Town Called Boring
Books,Non-Fiction - Fiction for Kids,What's in a Name?
Books,Non-Fiction - Fiction for Kids,Sumptuous Delights
Books,Non-Fiction - Fiction for Kids,Treehuggers
Books,Non-Fiction - Fiction for Kids,The Stamp Album
Books,Non-Fiction - Fiction for Kids,Hamid Buys an Eid Present
Books,Non-Fiction - Fiction for Kids,Dream Palace
Books,Non-Fiction - Fiction for Kids,Sadako’s Cranes
Books,Non-Fiction - Fiction for Kids,Tenali Rama the Messenger
Books,Non-Fiction - Fiction for Kids,Koel
Books,Non-Fiction - Fiction for Kids,"Haroo, the Croc"
Books,Non-Fiction - Fiction for Kids,The Rainbow
Books,Non-Fiction - Fiction for Kids,The Honest Thief
Books,Non-Fiction - Fiction for Kids,Don't Throw the Seeds Away...
Books,Non-Fiction - Fiction for Kids,Double it up!
Books,Non-Fiction - Fiction for Kids,The Price of Pride
Books,Non-Fiction - Fiction for Kids,Stripes Tiger and the Boy
Books,Non-Fiction - Fiction for Kids,Flying Turtle
Books,Non-Fiction - Fiction for Kids,How the Dragon Came to be
Books,Non-Fiction - Fiction for Kids,The Ungrateful Friend
Books,Non-Fiction - Fiction for Kids,The Bed Bug and the Mosquito
Books,Non-Fiction - Fiction for Kids,Lonely Kalu
Books,Non-Fiction - Fiction for Kids,The Doctor who did not Cure
Books,Non-Fiction - Fiction for Kids,A Verbal Trade
Books,Non-Fiction - Fiction for Kids,Chakram
Books,Non-Fiction - Fiction for Kids,The Dog and the Pig
Books,Non-Fiction - Fiction for Kids,The Jungle
Books,Non-Fiction - Fiction for Kids,Nine of Ten
Books,Non-Fiction - Fiction for Kids,Modesty Pays
Books,Non-Fiction - Fiction for Kids,The Golden Fish
Books,Non-Fiction - Fiction for Kids,Sparrows
Books,Non-Fiction - Fiction for Kids,The Magical Sunglasses
Books,Non-Fiction - Fiction for Kids,Tilak and Sudhir
Books,Non-Fiction - Fiction for Kids,The Fleeting Deer
Books,Non-Fiction - Fiction for Kids,The Rich Man's Vessels
Books,Non-Fiction - Fiction for Kids,Five Little Chickens
Books,Non-Fiction - Fiction for Kids,The Ride to Bondage
Books,Non-Fiction - Fiction for Kids,Preparing for Winter
Books,Non-Fiction - Fiction for Kids,Count that Day Lost
Books,Non-Fiction - Fiction for Kids,The Fox and the Goat
Books,Non-Fiction - Fiction for Kids,Lion On The Loose!...!...
Books,Non-Fiction - Fiction for Kids,The Pigeon Party
Books,Non-Fiction - Fiction for Kids,The Court Jester and the Hilsa Fish
Books,Non-Fiction - Fiction for Kids,Sunflowers
Books,Non-Fiction - Fiction for Kids,Sunday with Dad
Books,Non-Fiction - Fiction for Kids,"The Priest, the Tiger and the Jackal"
Books,Non-Fiction - Fiction for Kids,Kaku and Lal Hawa
Books,Non-Fiction - Fiction for Kids,The Farmer and the Serpent
Books,Non-Fiction - Fiction for Kids,A Tale of Tails
Books,Non-Fiction - Fiction for Kids,The Boy and the Magic Brush
Books,Non-Fiction - Fiction for Kids,A Lucky Hunter
Books,Non-Fiction - Fiction for Kids,Chinese Sparrows
Books,Non-Fiction - Fiction for Kids,The Friends
Books,Non-Fiction - Fiction for Kids,The Wise Doves
Books,Non-Fiction - Fiction for Kids,Birju and the Flying Horse
Books,Non-Fiction - Fiction for Kids,Opposite
Books,Non-Fiction - Fiction for Kids,Ruff and Kabir
Books,Non-Fiction - Fiction for Kids,The Story of Appu
Books,Non-Fiction - Fiction for Kids,The Jester and the Straw Roof
Books,Non-Fiction - Fiction for Kids,The Story of Big Ears
Books,Non-Fiction - Easy reading,Swinging Monkey
Books,Non-Fiction - Easy reading,The White Flowers
Books,Non-Fiction - Easy reading,Naughty Kit
Books,Non-Fiction - Easy reading,Our Lips and Ears
Books,Non-Fiction - Easy reading,Sunflowers
Books,Non-Fiction - Easy reading,Koel
Books,Non-Fiction - Easy reading,My Squirrel Friend
Books,Non-Fiction - Easy reading,Little Black Dashes
Books,Non-Fiction - Easy reading,Roses
Books,Non-Fiction - Easy reading,Have You Seen the Cuckoo Bird?
Books,Non-Fiction - Easy reading,Five Little Chickens
Books,Non-Fiction - Easy reading,A Smile
Books,Non-Fiction - Easy reading,If I Can Stop One Heart from Breaking
Books,Non-Fiction - Easy reading,My Puppy
Books,Non-Fiction - Easy reading,The Lily Pool
Books,Non-Fiction - Easy reading,The Three Kittens
Books,Non-Fiction - Easy reading,If
Books,Non-Fiction - Easy reading,Take me Too
Books,Non-Fiction - Book Reviews,The Tale of a Circus Bear
Books,Non-Fiction - Book Reviews,Wonder in the Sand
Books,Non-Fiction - Book Reviews,Far from Potty about Harry Potter
Books,Non-Fiction - Book Reviews,A Boisterous Bedtime Read
Books,Non-Fiction - Book Reviews,Flying Dogs and School-going Monkeys
Books,Non-Fiction - Book Reviews,Escape to Freedom
Books,Non-Fiction - Book Reviews,A Royal Diet of Mangoes
Books,Non-Fiction - Book Reviews,"Temper, Temper!!"
Books,Non-Fiction - Book Reviews,Snake People
Books,Non-Fiction - Book Reviews,AHA! Books: Manjula Padmanabhan
Books,Non-Fiction - Book Reviews,Puzzling it Out
Books,Non-Fiction - Book Reviews,Making Friends and keeping them
Books,Non-Fiction - Book Reviews,How Fast can you Think?
Books,Non-Fiction - Book Reviews,The Adventures of Clifford
Books,Non-Fiction - Book Reviews,Two Sides of a Coin
Books,Non-Fiction - Book Reviews,Strength from Within
Books,Non-Fiction - Book Reviews,The Best Christmas Gift of All
Books,Non-Fiction - Book Reviews,Where have the Teenagers Disappeared?
Books,Non-Fiction - Book Reviews,The Final Glacier
Books,Non-Fiction - Book Reviews,Record Tidbits
Books,Non-Fiction - Book Reviews,The Family Album
Books,Non-Fiction - Book Reviews,Granny's Girl
Books,Non-Fiction - Book Reviews,Born to Love Animals
Books,Non-Fiction - Book Reviews,Harry Potter Series: Uniquely Real
Books,Non-Fiction - Book Reviews,The Nest
Books,Non-Fiction - Book Reviews,Real Winners in Life
Books,Non-Fiction - Book Reviews,Boyhood by the Sea
Books,Non-Fiction - Book Reviews,Christmas Favourites
Books,Non-Fiction - Book Reviews,Judy All the Way
Books,Non-Fiction - Book Reviews,The Play
Books,Non-Fiction - Book Reviews,Learn while Playing!
Books,Fiction - Hindi Stories for Children,ओमू ने खुशियां खरीदीं
Books,Fiction - Hindi Stories for Children,बैंगन के गुण
Books,Fiction - Hindi Stories for Children,सोमवार की सुबह
Books,Fiction - Hindi Stories for Children,प्यारे पिताजी
Books,Fiction - Poems for Kids,The Eagle’s Tale
Books,Fiction - Poems for Kids,The Sparrow's Nest
Books,Fiction - Poems for Kids,Milk! Milk! Milk!
Books,Fiction - Poems for Kids,Cypress Street
Books,Fiction - Poems for Kids,Parrots in My Garden
Books,Fiction - Poems for Kids,Young Poets
Books,Fiction - Poems for Kids,Have You Seen the Cuckoo Bird?
Books,Fiction - Poems for Kids,The Day Everything Went Wrong
Books,Fiction - Poems for Kids,Roses
Books,Fiction - Poems for Kids,Treehuggers
Books,Fiction - Poems for Kids,Koel
Books,Fiction - Poems for Kids,"Haroo, the Croc"
Books,Fiction - Poems for Kids,Don't Throw the Seeds Away...
Books,Fiction - Poems for Kids,The Jungle
Books,Fiction - Poems for Kids,Sparrows
Books,Fiction - Poems for Kids,The Fleeting Deer
Books,Fiction - Poems for Kids,Five Little Chickens
Books,Fiction - Poems for Kids,Count that Day Lost
Books,Fiction - Poems for Kids,The Pigeon Party
Books,Fiction - Poems for Kids,Sunflowers
Books,Fiction - Poems for Kids,Sunday with Dad
Books,Fiction - Poems for Kids,Opposite
Books,Fiction - Poems for Kids,The Song of the Bee
Books,Fiction - Poems for Kids,Upside Down
Books,Fiction - Poems for Kids,Work while You Work
Books,Fiction - Poems for Kids,Jumbo House
Books,Fiction - Poems for Kids,"Try, Try Again"
Books,Fiction - Poems for Kids,Little Blue Daisies
Books,Fiction - Poems for Kids,Over in the Meadow
Books,Fiction - Poems for Kids,The Bridge Builder
Books,Fiction - Poems for Kids,"Oh, Summer!"
Books,Fiction - Poems for Kids,Tiger King
Books,Fiction - Poems for Kids,Passing by My School Garden
Books,Fiction - Poems for Kids,The Silly Cricket
Books,Fiction - Poems for Kids,The Fearless Rhino
Books,Fiction - Poems for Kids,Swinging Monkey
Books,Fiction - Poems for Kids,The Cat and the Cartoon
Books,Fiction - Poems for Kids,Mr Meant-to
Books,Fiction - Poems for Kids,Message in the bottle
Books,Fiction - Poems for Kids,The Shop at the Corner
Books,Fiction - Poems for Kids,A Cat’s Nightmare
Books,Fiction - Poems for Kids,The Naughty Baby Monkey
Books,Fiction - Poems for Kids,The Flies and the Honey Pot
Books,Fiction - Poems for Kids,Dog Dream
Books,Fiction - Poems for Kids,Pardon My Garden
Books,Fiction - Poems for Kids,Jaipur: Sawai Jai Singh's Golden Dream
Books,Fiction - Poems for Kids,Naughty Kit
Books,Fiction - Poems for Kids,The Squeaky Squirrel
Books,Fiction - Poems for Kids,"Fluff, the Cat"
Books,Fiction - Poems for Kids,Summer fan
Books,Fiction - Poems for Kids,A Roaring Shame
Books,Fiction - Poems for Kids,Kappu has a Bath
Books,Fiction - Poems for Kids,Rip my Puppy
Books,Fiction - Poems for Kids,You Musn't Quit
Books,Fiction - Poems for Kids,The White Flowers
Books,Fiction - Poems for Kids,The Spider on the Wall
Books,Fiction - Poems for Kids,The Plant at the Crossing
Books,Fiction - Poems for Kids,Kappu goes to the Zoo
Books,Fiction - Poems for Kids,The Arrow and the Song
Books,Fiction - Poems for Kids,Our Lips and Ears
Books,Fiction - Poems for Kids,A Smile
Books,Fiction - Poems for Kids,My Puppy
Books,Fiction - Poems for Kids,My Squirrel Friend
Books,Fiction - Poems for Kids,The Whopping Hippo
Books,Fiction - Poems for Kids,If I Can Stop One Heart from Breaking
Books,Fiction - Poems for Kids,The Crow’s Lunch
Books,Fiction - Poems for Kids,The Lily Pool
Books,Fiction - Poems for Kids,"In, Pin, Tin"
Books,Fiction - Poems for Kids,Messy Kappu
Books,Fiction - Poems for Kids,Good Old Days
Books,Fiction - Poems for Kids,Little Chick
Books,Fiction - Poems for Kids,Kappu wants to Draw
Books,Fiction - Poems for Kids,Slow Dance
Books,Fiction - Poems for Kids,The Three Kittens
Books,Fiction - Poems for Kids,Kappu's Evening Stroll
Books,Fiction - Poems for Kids,Take me Too
Books,Fiction - Poems for Kids,Summer
Books,Fiction - Poems for Kids,Chun Mun's Friends
Books,Fiction - Poems for Kids,My Bunny
Books,Fiction - Poems for Kids,Play Nicely
Books,Fiction - Poems for Kids,Flowering Bamboos
Books,Fiction - Poems for Kids,The Multicolour Earthworms
Books,Fiction - Poems for Kids,Kappu Tries Hard
Books,Fiction - Poems for Kids,The Wonder Elephants
Books,Fiction - Poems for Kids,Morning
Books,Fiction - Poems for Kids,Little Black Dashes
Books,Fiction - Poems for Kids,Childhood
Books,Fiction - Poems for Kids,If
Books,Fiction - Poems for Kids,Tejasvi's Song
Books,Fiction - Poems for Kids,Kappu and Buzo
Books,Fiction - Poems for Kids,Chiku’s Birthday
Books,Fiction - Hindi Poems for Kids,ताती ताती तोता
Books,Fiction - Hindi Poems for Kids,ज़रा चख के देखो
Books,Fiction - Hindi Poems for Kids,चलो स्कूल
Books,Fiction - Hindi Poems for Kids,आलपिन के सिर होता
Books,Fiction - Hindi Poems for Kids,मुन्ना और दवाई
Books,Fiction - Hindi Poems for Kids,चूहा
Books,Fiction - Hindi Poems for Kids,"टन टन टन, घंटी बोली"
Books,Fiction - Hindi Poems for Kids,नानी की नाव
Books,Fiction - Hindi Poems for Kids,सभा का खेल
Books,Fiction - Hindi Poems for Kids,बन्दर मामा
Books,Fiction - Hindi Poems for Kids,पेड़
Books,Fiction - Hindi Poems for Kids,बंदर
Books,Fiction - Hindi Poems for Kids,पंख
Books,Fiction - Hindi Poems for Kids,नानी नानी
Books,Fiction - Hindi Poems for Kids,हरी हरी
Books,Fiction - Hindi Poems for Kids,होली
Books,Fiction - Hindi Poems for Kids,पीली नीली न्यारी तितली
Books,Fiction - Hindi Poems for Kids,मुखौटे
Books,Fiction - Hindi Poems for Kids,अमरूद बन गये
Books,Fiction - Hindi Poems for Kids,कुकडूं कूं
Books,Fiction - Hindi Poems for Kids,जामुन
Books,Fiction - Hindi Poems for Kids,चिड़ियाघर
Books,Fiction - Hindi Poems for Kids,गेंद
Books,Fiction - Hindi Poems for Kids,रेलचली
Books,Fiction - Hindi Poems for Kids,रेलगाड़ी
Books,Fiction - Hindi Poems for Kids,इल्ली उल्ला
Books,Fiction - Hindi Poems for Kids,गुड्डा बुड्डा
Books,Fiction - Hindi Poems for Kids,चूं चूं चूं चूं म्याउं म्याउं
Books,Fiction - Hindi Poems for Kids,चंपा
Books,Fiction - Hindi Poems for Kids,ना धिन धिन्ना
Books,Fiction - Hindi Poems for Kids,गोपाल के गाल
Books,Fiction - Hindi Poems for Kids,किताबे
Books,Fiction - Hindi Poems for Kids,काले काले बादल
Books,Fiction - Folktales,The Wooden God
Books,Fiction - Folktales,"Whatever Happens, Happens for the Best..."
Books,Fiction - Folktales,How the Moon was Created
Books,Fiction - Folktales,Qui Jun and the Arrogant Monk
Books,Fiction - Folktales,King of the Birds
Books,Fiction - Folktales,The Desert Creature
Books,Fiction - Folktales,The lazy monk — a tale from the Panchatantra
Books,Fiction - Folktales,Tenali Rama and the Brinjal
Books,Fiction - Folktales,The Harpist and the Princess
Books,Fiction - Folktales,Tail-cut Fox!
Books,Fiction - Folktales,How Monkeys Got their Red Bottoms
Books,Fiction - Folktales,The Elephants who Showed Off
Books,Fiction - Folktales,The Elephant's Nose
Books,Fiction - Folktales,How The Coconut Came To Myanmar
Books,Fiction - Folktales,Silence is Golden
Books,Fiction - Folktales,The Foolish Thief
Books,Fiction - Folktales,Dream Palace
Books,Fiction - Folktales,Tenali Rama the Messenger
Books,Fiction - Folktales,The Honest Thief
Books,Fiction - Folktales,Stripes Tiger and the Boy
Books,Fiction - Folktales,Flying Turtle
Books,Fiction - Folktales,How the Dragon Came to be
Books,Fiction - Folktales,The Ungrateful Friend
Books,Fiction - Folktales,The Bed Bug and the Mosquito
Books,Fiction - Folktales,The Doctor who did not Cure
Books,Fiction - Folktales,The Dog and the Pig
Books,Fiction - Folktales,Modesty Pays
Books,Fiction - Folktales,The Golden Fish
Books,Fiction - Folktales,The Rich Man's Vessels
Books,Fiction - Folktales,Preparing for Winter
Books,Fiction - Folktales,The Fox and the Goat
Books,Fiction - Folktales,The Court Jester and the Hilsa Fish
Books,Fiction - Folktales,"The Priest, the Tiger and the Jackal"
Books,Fiction - Folktales,The Farmer and the Serpent
Books,Fiction - Folktales,The Boy and the Magic Brush
Books,Fiction - Folktales,The Wise Doves
Books,Fiction - Folktales,The Jester and the Straw Roof
Books,Fiction - Folktales,The Story of Big Ears
Books,Fiction - Folktales,The Mouse who Lived in the Lion's Cave
Books,Fiction - Folktales,How the First House was Built
Books,Fiction - Folktales,The Angry King
Books,Fiction - Folktales,The Horse's Revenge
Books,Fiction - Folktales,How Man and Dog Became Friends
Books,Fiction - Folktales,The Singing Donkey
Books,Fiction - Folktales,Town Mouse and Country Mouse
Books,Fiction - Folktales,Two Fish and a Frog
Books,Fiction - Folktales,The King and the Squirrel
Books,Fiction - Folktales,Tenali Rama and the Jinx
Books,Fiction - Folktales,The Instructor
Books,Fiction - Folktales,The Eagle and the Arrow
Books,Fiction - Folktales,When the Earth and Sky were Married
Books,Fiction - Folktales,A Crocodile Named Rain Cloud
Books,Fiction - Folktales,River Talk
Books,Fiction - Folktales,And Elephants did Fly
Books,Fiction - Folktales,The Lion's Share
Books,Fiction - Folktales,Tiger Move
Books,Fiction - Folktales,The Frog King
Books,Fiction - Folktales,When Humans had Tails
Books,Fiction - Folktales,The Big Leap
Books,Fiction - Folktales,The Boy and the Wolf
Books,Fiction - Folktales,The Thirsty Crow
Books,Fiction - Folktales,Learning to Act
Books,Fiction - Folktales,The Jester and the Stranger's Language
Books,Fiction - Folktales,The Palm Reader
Books,Fiction - Folktales,The Fox and the Grapes
Books,Fiction - Folktales,The Lion Cub
Books,Fiction - Folktales,Once they were Friends
Books,Fiction - Folktales,An Unpleasant Smell
Books,Fiction - Folktales,The Rumour
Books,Fiction - Folktales,How Stars Came into Being
Books,Fiction - Folktales,How Iron was Found
Books,Fiction - Folktales,A Frog's Friendship
Books,Fiction - Folktales,The Crane's Walk
Books,Fiction - Folktales,Monkey Business
Books,Fiction - Folktales,"Shebu and Moonmoon, the Long Haired Goat"
Books,Fiction - Folktales,The Mango Charm
Books,Fiction - Folktales,The Donkey monkeys Around
Books,Fiction - Folktales,The Favour
Books,Fiction - Folktales,Why Monkeys Mean Trouble
Books,Fiction - Folktales,How Humans Got Eyes
Books,Fiction - Folktales,Kallu Raven's Breakfast Treat
Books,Fiction - Folktales,The Sweet-Mad Hero
Books,Fiction - Folktales,The Travellers
Books,Fiction - Folktales,The Troublesome Slippers
Books,Fiction - Folktales,The Ridge Forest
Books,Fiction - Folktales,The 'Groom'ed Horse
Books,Fiction - Folktales,How Men Lost Their Tails
Books,Fiction - Folktales,War Drum
Books,Fiction - Folktales,The Priest's Successor
